lucky-numbers,1e-20
anatomy-2,1e-20
and-while-we-were-here,0
an-everlasting-piece,1e-20
arthur-1981,1e-20
amys-orgasm,1e-20
anatomy-of-hell,1e-20
man-of-the-century,1e-20
the-amityville-horror-1979,1e-20
two-can-play-that-game,1e-20
all-the-queens-men,1e-20
alex-emma,1e-20
a-man-of-no-importance,1e-20
after-the-wedding,1e-20
agnes-browne,1e-20
anatomy,1e-20
the-agronomist,1e-20
american-cannibal-the-road-to-reality,1e-20
anastasia,1e-20
agent-cody-banks,1e-20
all-the-right-moves,1e-20
air-america,1e-20
bound,1e-20
alice-et-martin,1e-20
11-flowers,1e-20
adventures-in-babysitting,1e-20
willow,1e-20
after-innocence,1e-20
bio-dome,1e-20
addicted-to-love,1e-20
airplane-ii-the-sequel,1e-20
absence-of-malice,1e-20
a-cat-in-paris,1e-20
addams-family-values,1e-20
americas-heart-and-soul,1e-20
abc-africa,1e-20
all-about-steve,1e-20
aileen-life-and-death-of-a-serial-killer,1e-20
4,1e-20
airheads,1e-20
800-bullets,1e-20
9-to-5,1e-20
after-love,1e-20
afterimage,1e-20
the-adventures-of-felix,1e-20
beautiful-boxer,1e-20
the-addams-family,1e-20
a-band-called-death,1e-20
agnes-and-his-brothers,1e-20
animal-house,1e-20
